ageClass,mean,std,count
young,0.014542662116040954,0.1646768662880787,1758
